{"cameraMode":{"drawMode":0,"name":"Shaded","section":"Shading Mode"},"sceneLighting":true,"audioPlay":false,"sceneViewState":{"m_AlwaysRefresh":false,"showFog":true,"showSkybox":true,"showFlares":true,"showImageEffects":true,"showParticleSystems":true,"showVisualEffectGraphs":true,"m_FxEnabled":true},"in2DMode":false,"pivot":{"x":-11.676763534545899,"y":-1.6322345733642579,"z":-5.049034118652344},"rotation":{"x":-0.19358010590076447,"y":0.06968703120946884,"z":-0.013785759918391705,"w":-0.9785117506980896},"size":41.666778564453128,"orthographic":false}